{
  "version": "41.0.0",
  "files": {
    "0b45faa48c5963eb26b8691c82a7c4ed2f19d5b24be055fc87c153464dbf638b": {
      "displayName": "HelloCdkStack Template",
      "source": {
        "path": "HelloCdkStack.template.json",
        "packaging": "file"
      },
      "destinations": {
        "266735833191-eu-south-2": {
          "bucketName": "cdk-hnb659fds-assets-266735833191-eu-south-2",
          "objectKey": "0b45faa48c5963eb26b8691c82a7c4ed2f19d5b24be055fc87c153464dbf638b.json",
          "region": "eu-south-2",
          "assumeRoleArn": "arn:${AWS::Partition}:iam::266735833191:role/cdk-hnb659fds-file-publishing-role-266735833191-eu-south-2"
        }
      }
    }
  },
  "dockerImages": {}
}